{
  "timestamp": "2025-09-01T13:39:06.174863",
  "system_info": {
    "total_strings": 12,
    "packets_per_string": 4,
    "total_cells": 4992,
    "total_temps": 2016
  },
  "main_data": {
    "soc": 88.14512269720514,
    "soh": 99.17766390525007,
    "current": 8.016926093179435,
    "pack_voltage": 385.27434794086713,
    "max_temperature": 51.49060646986236,
    "min_temperature": 17.851080584556847,
    "avg_temperature": 34.931761898683746,
    "max_cell_voltage": 3.8212422405476043,
    "min_cell_voltage": 3.5892789899062927,
    "avg_cell_voltage": 3.699584759526192
  },
  "cell_voltages": {
    "string_1_packet_1_cell_1": 3.6582135480958544,
    "string_1_packet_1_cell_2": 3.7356903423268806,
    "string_1_packet_1_cell_3": 3.7165007267194863,
    "string_1_packet_1_cell_4": 3.6847560733414726,
    "string_1_packet_1_cell_5": 3.7223228667983324,
    "string_1_packet_1_cell_6": 3.7342411602254932,
    "string_1_packet_1_cell_7": 3.7704519046412424,
    "string_1_packet_1_cell_8": 3.6983322776666085,
    "string_1_packet_1_cell_9": 3.6734798183442536,
    "string_1_packet_1_cell_10": 3.7547302216778538,
    "string_1_packet_1_cell_11": 3.639582058139809,
    "string_1_packet_1_cell_12": 3.6872400086948303,
    "string_1_packet_1_cell_13": 3.665766909639557,
    "string_1_packet_1_cell_14": 3.6481470937540497,
    "string_1_packet_1_cell_15": 3.647239182982294,
    "string_1_packet_1_cell_16": 3.732873766164674,
    "string_1_packet_1_cell_17": 3.7197139933288135,
    "string_1_packet_1_cell_18": 3.6623972187801095,
    "string_1_packet_1_cell_19": 3.7474098490943075,
    "string_1_packet_1_cell_20": 3.6591309553610043,
    "string_1_packet_1_cell_21": 3.752291892470831,
    "string_1_packet_1_cell_22": 3.6342968004414837,
    "string_1_packet_1_cell_23": 3.7077838937132324,
    "string_1_packet_1_cell_24": 3.7511084236718384,
    "string_1_packet_1_cell_25": 3.681376347245626,
    "string_1_packet_1_cell_26": 3.678202281412395,
    "string_1_packet_1_cell_27": 3.66290549882545,
    "string_1_packet_1_cell_28": 3.720612167287718,
    "string_1_packet_1_cell_29": 3.6604869804689697,
    "string_1_packet_1_cell_30": 3.6606214630704295,
    "string_1_packet_1_cell_31": 3.7399970941658442,
    "string_1_packet_1_cell_32": 3.6990979156804675,
    "string_1_packet_1_cell_33": 3.695801906634888,
    "string_1_packet_1_cell_34": 3.698860954862578,
    "string_1_packet_1_cell_35": 3.758634180429859,
    "string_1_packet_1_cell_36": 3.6583220662170888,
    "string_1_packet_1_cell_37": 3.7336520291662603,
    "string_1_packet_1_cell_38": 3.668121764979391,
    "string_1_packet_1_cell_39": 3.703664303416229,
    "string_1_packet_1_cell_40": 3.7360129275753917,
    "string_1_packet_1_cell_41": 3.7310896258115815,
    "string_1_packet_1_cell_42": 3.659566580310111,
    "string_1_packet_1_cell_43": 3.6840515108141387,
    "string_1_packet_1_cell_44": 3.675757222980624,
    "string_1_packet_1_cell_45": 3.715450185290606,
    "string_1_packet_1_cell_46": 3.702714226263685,
    "string_1_packet_1_cell_47": 3.6641041702998334,
    "string_1_packet_1_cell_48": 3.752593601331996,
    "string_1_packet_1_cell_49": 3.743870091152866,
    "string_1_packet_1_cell_50": 3.6886547498306426,
    "string_1_packet_1_cell_51": 3.6489837662486657,
    "string_1_packet_1_cell_52": 3.7436057836892735,
    "string_1_packet_1_cell_53": 3.710998627671759,
    "string_1_packet_1_cell_54": 3.752997953788261,
    "string_1_packet_1_cell_55": 3.6898641997131265,
    "string_1_packet_1_cell_56": 3.731519604914529,
    "string_1_packet_1_cell_57": 3.7135302791330234,
    "string_1_packet_1_cell_58": 3.758571897802033,
    "string_1_packet_1_cell_59": 3.702694233729669,
    "string_1_packet_1_cell_60": 3.7498110621923115,
    "string_1_packet_1_cell_61": 3.692144464799752,
    "string_1_packet_1_cell_62": 3.7377550140527944,
    "string_1_packet_1_cell_63": 3.759674093354024,
    "string_1_packet_1_cell_64": 3.7124674101693413,
    "string_1_packet_1_cell_65": 3.657148570375418,
    "string_1_packet_1_cell_66": 3.6275712316223645,
    "string_1_packet_1_cell_67": 3.763857400833857,
    "string_1_packet_1_cell_68": 3.7499764584554804,
    "string_1_packet_1_cell_69": 3.7662622281208975,
    "string_1_packet_1_cell_70": 3.6506065025157977,
    "string_1_packet_1_cell_71": 3.703169786657515,
    "string_1_packet_1_cell_72": 3.6922253487481114,
    "string_1_packet_1_cell_73": 3.7399345483069597,
    "string_1_packet_1_cell_74": 3.666140951286872,
    "string_1_packet_1_cell_75": 3.6793166778046498,
    "string_1_packet_1_cell_76": 3.7048960186647903,
    "string_1_packet_1_cell_77": 3.737073426302839,
    "string_1_packet_1_cell_78": 3.789454193182202,
    "string_1_packet_1_cell_79": 3.711770860885835,
    "string_1_packet_1_cell_80": 3.7571969184403073,
    "string_1_packet_1_cell_81": 3.682380635644228,
    "string_1_packet_1_cell_82": 3.6835052127610926,
    "string_1_packet_1_cell_83": 3.7371247510880634,
    "string_1_packet_1_cell_84": 3.7000154600452753,
    "string_1_packet_1_cell_85": 3.680376318675112,
    "string_1_packet_1_cell_86": 3.739089075103284,
    "string_1_packet_1_cell_87": 3.720653761731916,
    "string_1_packet_1_cell_88": 3.663017688223132,
    "string_1_packet_1_cell_89": 3.716037757132686,
    "string_1_packet_1_cell_90": 3.6691676558590056,
    "string_1_packet_1_cell_91": 3.7274482062143606,
    "string_1_packet_1_cell_92": 3.714196327237879,
    "string_1_packet_1_cell_93": 3.6644813518215047,
    "string_1_packet_1_cell_94": 3.6360490896833366,
    "string_1_packet_1_cell_95": 3.704090780270296,
    "string_1_packet_1_cell_96": 3.7639286519028983,
    "string_1_packet_1_cell_97": 3.661040283552038,
    "string_1_packet_1_cell_98": 3.7184076131684285,
    "string_1_packet_1_cell_99": 3.688915216065469,
    "string_1_packet_1_cell_100": 3.697070392866735
  },
  "temperatures": {
    "string_1_packet_1_temp_1": 35.64236246497953,
    "string_1_packet_1_temp_2": 39.08369197591014,
    "string_1_packet_1_temp_3": 37.99919369756439,
    "string_1_packet_1_temp_4": 28.775107663270205,
    "string_1_packet_1_temp_5": 32.661346985143574,
    "string_1_packet_1_temp_6": 31.921773639809913,
    "string_1_packet_1_temp_7": 33.62015279856019,
    "string_1_packet_1_temp_8": 39.3938809448859,
    "string_1_packet_1_temp_9": 23.783576224646975,
    "string_1_packet_1_temp_10": 38.05651266376574,
    "string_1_packet_1_temp_11": 30.793417914672233,
    "string_1_packet_1_temp_12": 40.93046237539255,
    "string_1_packet_1_temp_13": 38.79639901366842,
    "string_1_packet_1_temp_14": 25.90149931149867,
    "string_1_packet_1_temp_15": 27.358981288777446,
    "string_1_packet_1_temp_16": 32.17242089566626,
    "string_1_packet_1_temp_17": 38.243363730660775,
    "string_1_packet_1_temp_18": 29.98062146730017,
    "string_1_packet_1_temp_19": 23.353408941690766,
    "string_1_packet_1_temp_20": 39.0161862798967,
    "string_1_packet_1_temp_21": 38.733766961364715,
    "string_1_packet_1_temp_22": 30.958565469367592,
    "string_1_packet_1_temp_23": 32.52260258123513,
    "string_1_packet_1_temp_24": 27.532680631336007,
    "string_1_packet_1_temp_25": 31.562401566812106,
    "string_1_packet_1_temp_26": 32.276418283772486,
    "string_1_packet_1_temp_27": 34.07472137616291,
    "string_1_packet_1_temp_28": 38.63901470600876,
    "string_1_packet_1_temp_29": 38.37383615367768,
    "string_1_packet_1_temp_30": 28.978660954001207,
    "string_1_packet_1_temp_31": 33.40812045258663,
    "string_1_packet_1_temp_32": 32.084886835907234,
    "string_1_packet_1_temp_33": 43.63167627075866,
    "string_1_packet_1_temp_34": 36.11773545800311,
    "string_1_packet_1_temp_35": 41.58553876048862,
    "string_1_packet_1_temp_36": 40.2558799489861,
    "string_1_packet_1_temp_37": 38.7771597467328,
    "string_1_packet_1_temp_38": 42.34605032678857,
    "string_1_packet_1_temp_39": 33.528591372624746,
    "string_1_packet_1_temp_40": 24.778039610690406,